qid,Len,P31,P894,#
,swMATH,Q7397,'0',2022-01-27 16:24:02.058187: imported from zbMath Open API
,FORTRAN,Q7397,'1',2022-01-27 16:24:02.058187: imported from zbMath Open API
,SuperLU-DIST,Q7397,'2',2022-01-27 16:24:02.058187: imported from zbMath Open API
,WHISPAR,Q7397,'3',2022-01-27 16:24:02.058187: imported from zbMath Open API
,MULTI2D,Q7397,'4',2022-01-27 16:24:02.058187: imported from zbMath Open API
,BEMLIB,Q7397,'5',2022-01-27 16:24:02.058187: imported from zbMath Open API
,FIDAP,Q7397,'6',2022-01-27 16:24:02.058187: imported from zbMath Open API
,SHALL 4,Q7397,'7',2022-01-27 16:24:02.058187: imported from zbMath Open API
,MXYZPTLK,Q7397,'8',2022-01-27 16:24:02.058187: imported from zbMath Open API
,2LEV-D2P4,Q7397,'9',2022-01-27 16:24:02.058187: imported from zbMath Open API
,3D-XplorMath,Q7397,'10',2022-01-27 16:24:02.058187: imported from zbMath Open API
,ABCRATE,Q7397,'11',2022-01-27 16:24:02.058187: imported from zbMath Open API
,ABSFAC,Q7397,'12',2022-01-27 16:24:02.058187: imported from zbMath Open API
,Access/CPN framework,Q7397,'13',2022-01-27 16:24:02.058187: imported from zbMath Open API
,ACETAF,Q7397,'14',2022-01-27 16:24:02.058187: imported from zbMath Open API
,ACRITH-XSC,Q7397,'15',2022-01-27 16:24:02.058187: imported from zbMath Open API
,ACVisualizer,Q7397,'16',2022-01-27 16:24:02.058187: imported from zbMath Open API
,ADF95,Q7397,'17',2022-01-27 16:24:02.058187: imported from zbMath Open API
,ADMIT-1,Q7397,'18',2022-01-27 16:24:02.058187: imported from zbMath Open API
,ADOL-C,Q7397,'19',2022-01-27 16:24:02.058187: imported from zbMath Open API
,ADOL-F,Q7397,'20',2022-01-27 16:24:02.058187: imported from zbMath Open API
,ADPAC,Q7397,'21',2022-01-27 16:24:02.058187: imported from zbMath Open API
,AGD,Q7397,'22',2022-01-27 16:24:02.058187: imported from zbMath Open API
,AIFS,Q7397,'23',2022-01-27 16:24:02.058187: imported from zbMath Open API
,Akord,Q7397,'24',2022-01-27 16:24:02.058187: imported from zbMath Open API
,ALBERT,Q7397,'25',2022-01-27 16:24:02.058187: imported from zbMath Open API
,ALCOR,Q7397,'26',2022-01-27 16:24:02.058187: imported from zbMath Open API
,AlgCurve,Q7397,'27',2022-01-27 16:24:02.058187: imported from zbMath Open API
,ALIBABA,Q7397,'28',2022-01-27 16:24:02.058187: imported from zbMath Open API
,Aligator,Q7397,'29',2022-01-27 16:24:02.058187: imported from zbMath Open API
,ALLD,Q7397,'30',2022-01-27 16:24:02.058187: imported from zbMath Open API
,alloc,Q7397,'31',2022-01-27 16:24:02.058187: imported from zbMath Open API
,Alpaga,Q7397,'32',2022-01-27 16:24:02.058187: imported from zbMath Open API
,ALPAL,Q7397,'33',2022-01-27 16:24:02.058187: imported from zbMath Open API
,Alpi,Q7397,'34',2022-01-27 16:24:02.058187: imported from zbMath Open API
,ALPO,Q7397,'35',2022-01-27 16:24:02.058187: imported from zbMath Open API
,ALPS,Q7397,'36',2022-01-27 16:24:02.058187: imported from zbMath Open API
,ALTDSE,Q7397,'37',2022-01-27 16:24:02.058187: imported from zbMath Open API
,AMBRE,Q7397,'38',2022-01-27 16:24:02.058187: imported from zbMath Open API
,AMD,Q7397,'39',2022-01-27 16:24:02.058187: imported from zbMath Open API
,AMEEDA,Q7397,'40',2022-01-27 16:24:02.058187: imported from zbMath Open API
,AMESPLOT,Q7397,'41',2022-01-27 16:24:02.058187: imported from zbMath Open API
,ANALYST,Q7397,'42',2022-01-27 16:24:02.058187: imported from zbMath Open API
,Analytical Finance Package,Q7397,'43',2022-01-27 16:24:02.058187: imported from zbMath Open API
,ANSYS,Q7397,'44',2022-01-27 16:24:02.058187: imported from zbMath Open API
,Apron,Q7397,'45',2022-01-27 16:24:02.058187: imported from zbMath Open API
,ARfit,Q7397,'46',2022-01-27 16:24:02.058187: imported from zbMath Open API
,ARMiner,Q7397,'47',2022-01-27 16:24:02.058187: imported from zbMath Open API
,ARMS,Q7397,'48',2022-01-27 16:24:02.058187: imported from zbMath Open API
,ARVO,Q7397,'49',2022-01-27 16:24:02.058187: imported from zbMath Open API
,ASPeRiX,Q7397,'50',2022-01-27 16:24:02.058187: imported from zbMath Open API
,ASTA,Q7397,'51',2022-01-27 16:24:02.058187: imported from zbMath Open API
,ASTRA,Q7397,'52',2022-01-27 16:24:02.058187: imported from zbMath Open API
,ASYMPT,Q7397,'53',2022-01-27 16:24:02.058187: imported from zbMath Open API
,ASYS,Q7397,'54',2022-01-27 16:24:02.058187: imported from zbMath Open API
,ATENSOR,Q7397,'55',2022-01-27 16:24:02.058187: imported from zbMath Open API
,ATLAS,Q7397,'56',2022-01-27 16:24:02.058187: imported from zbMath Open API
,AUTO_DERIV,Q7397,'57',2022-01-27 16:24:02.058187: imported from zbMath Open API
,AutoMarkup,Q7397,'58',2022-01-27 16:24:02.058187: imported from zbMath Open API
,AUTOMATE,Q7397,'59',2022-01-27 16:24:02.058187: imported from zbMath Open API
,ACL2,Q7397,'60',2022-01-27 16:24:02.058187: imported from zbMath Open API
,AVS/express,Q7397,'61',2022-01-27 16:24:02.058187: imported from zbMath Open API
,AXIOM,Q7397,'63',2022-01-27 16:24:02.058187: imported from zbMath Open API
,BACOL,Q7397,'64',2022-01-27 16:24:02.058187: imported from zbMath Open API
,Bagel,Q7397,'65',2022-01-27 16:24:02.058187: imported from zbMath Open API
,BARON,Q7397,'66',2022-01-27 16:24:02.058187: imported from zbMath Open API
,BAT,Q7397,'67',2022-01-27 16:24:02.058187: imported from zbMath Open API
,BayesCalc,Q7397,'68',2022-01-27 16:24:02.058187: imported from zbMath Open API
,BBVSCG,Q7397,'69',2022-01-27 16:24:02.058187: imported from zbMath Open API
,BCYCLIC,Q7397,'70',2022-01-27 16:24:02.058187: imported from zbMath Open API
,Beaver,Q7397,'71',2022-01-27 16:24:02.058187: imported from zbMath Open API
,BEM,Q7397,'72',2022-01-27 16:24:02.058187: imported from zbMath Open API
,BGroidAP2,Q7397,'74',2022-01-27 16:24:02.058187: imported from zbMath Open API
,BHESS,Q7397,'75',2022-01-27 16:24:02.058187: imported from zbMath Open API
,Bi-CG,Q7397,'76',2022-01-27 16:24:02.058187: imported from zbMath Open API
,BIFURK,Q7397,'77',2022-01-27 16:24:02.058187: imported from zbMath Open API
,BIGEBRA,Q7397,'78',2022-01-27 16:24:02.058187: imported from zbMath Open API
,BioBrowser,Q7397,'79',2022-01-27 16:24:02.058187: imported from zbMath Open API
,Biota,Q7397,'80',2022-01-27 16:24:02.058187: imported from zbMath Open API
,BISTAB,Q7397,'81',2022-01-27 16:24:02.058187: imported from zbMath Open API
,Blitz++,Q7397,'82',2022-01-27 16:24:02.058187: imported from zbMath Open API
,BNCpack,Q7397,'83',2022-01-27 16:24:02.058187: imported from zbMath Open API
,BOKASUN,Q7397,'84',2022-01-27 16:24:02.058187: imported from zbMath Open API
,Boolector,Q7397,'85',2022-01-27 16:24:02.058187: imported from zbMath Open API
,BoomerAMG,Q7397,'86',2022-01-27 16:24:02.058187: imported from zbMath Open API
,BPMPD,Q7397,'88',2022-01-27 16:24:02.058187: imported from zbMath Open API
,BPOLY,Q7397,'89',2022-01-27 16:24:02.058187: imported from zbMath Open API
,BRANECODE,Q7397,'90',2022-01-27 16:24:02.058187: imported from zbMath Open API
,BRENTM,Q7397,'91',2022-01-27 16:24:02.058187: imported from zbMath Open API
,BRKF45,Q7397,'92',2022-01-27 16:24:02.058187: imported from zbMath Open API
,BSFM,Q7397,'93',2022-01-27 16:24:02.058187: imported from zbMath Open API
,BTN,Q7397,'94',2022-01-27 16:24:02.058187: imported from zbMath Open API
,BTPEC,Q7397,'95',2022-01-27 16:24:02.058187: imported from zbMath Open API
,BVSPIS,Q7397,'96',2022-01-27 16:24:02.058187: imported from zbMath Open API
,Cadabra,Q7397,'97',2022-01-27 16:24:02.058187: imported from zbMath Open API
,CADNA,Q7397,'98',2022-01-27 16:24:02.058187: imported from zbMath Open API
,CAGE,Q7397,'99',2022-01-27 16:24:02.058187: imported from zbMath Open API
,CALYPSO,Q7397,'100',2022-01-27 16:24:02.058187: imported from zbMath Open API
,CANM,Q7397,'101',2022-01-27 16:24:02.058187: imported from zbMath Open API
,Canon,Q7397,'102',2022-01-27 16:24:02.058187: imported from zbMath Open API
,CAPDYN,Q7397,'103',2022-01-27 16:24:02.058187: imported from zbMath Open API
,CAPLib,Q7397,'104',2022-01-27 16:24:02.058187: imported from zbMath Open API
,CARP-CG,Q7397,'105',2022-01-27 16:24:02.058187: imported from zbMath Open API
,CARRADS,Q7397,'106',2022-01-27 16:24:02.058187: imported from zbMath Open API
,CartGen,Q7397,'107',2022-01-27 16:24:02.058187: imported from zbMath Open API
,CASA,Q7397,'108',2022-01-27 16:24:02.058187: imported from zbMath Open API
,Catfish,Q7397,'109',2022-01-27 16:24:02.058187: imported from zbMath Open API
,CATPAC,Q7397,'110',2022-01-27 16:24:02.058187: imported from zbMath Open API
,CCSP,Q7397,'111',2022-01-27 16:24:02.058187: imported from zbMath Open API
,CD++,Q7397,'112',2022-01-27 16:24:02.058187: imported from zbMath Open API
,CD2D3D,Q7397,'113',2022-01-27 16:24:02.058187: imported from zbMath Open API
,cdd,Q7397,'114',2022-01-27 16:24:02.058187: imported from zbMath Open API
,Cdiprover3,Q7397,'115',2022-01-27 16:24:02.058187: imported from zbMath Open API
,CDT,Q7397,'116',2022-01-27 16:24:02.058187: imported from zbMath Open API
,CELEFUNT,Q7397,'117',2022-01-27 16:24:02.058187: imported from zbMath Open API
,CGAL,Q7397,'118',2022-01-27 16:24:02.058187: imported from zbMath Open API
,CHABIS,Q7397,'119',2022-01-27 16:24:02.058187: imported from zbMath Open API
,Charles,Q7397,'121',2022-01-27 16:24:02.058187: imported from zbMath Open API
,Chaste,Q7397,'122',2022-01-27 16:24:02.058187: imported from zbMath Open API
,CHECKDEN,Q7397,'123',2022-01-27 16:24:02.058187: imported from zbMath Open API
,CHEMSODE,Q7397,'124',2022-01-27 16:24:02.058187: imported from zbMath Open API
,Chronos,Q7397,'125',2022-01-27 16:24:02.058187: imported from zbMath Open API
,Cider,Q7397,'126',2022-01-27 16:24:02.058187: imported from zbMath Open API
,Cinderella,Q7397,'127',2022-01-27 16:24:02.058187: imported from zbMath Open API
,CirCUs,Q7397,'128',2022-01-27 16:24:02.058187: imported from zbMath Open API
,CLAN,Q7397,'129',2022-01-27 16:24:02.058187: imported from zbMath Open API
,CLASSiC,Q7397,'130',2022-01-27 16:24:02.058187: imported from zbMath Open API
,CLIFFORD,Q7397,'131',2022-01-27 16:24:02.058187: imported from zbMath Open API
,CLPS-B,Q7397,'132',2022-01-27 16:24:02.058187: imported from zbMath Open API
,CLUCalc,Q7397,'133',2022-01-27 16:24:02.058187: imported from zbMath Open API
,Cluster,Q7397,'134',2022-01-27 16:24:02.058187: imported from zbMath Open API
,CMBSlib,Q7397,'135',2022-01-27 16:24:02.058187: imported from zbMath Open API
,C-Merge,Q7397,'136',2022-01-27 16:24:02.058187: imported from zbMath Open API
,CMIT,Q7397,'137',2022-01-27 16:24:02.058187: imported from zbMath Open API
,CMMPAK,Q7397,'138',2022-01-27 16:24:02.058187: imported from zbMath Open API
,CNOP,Q7397,'139',2022-01-27 16:24:02.058187: imported from zbMath Open API
,Co-array Python,Q7397,'140',2022-01-27 16:24:02.058187: imported from zbMath Open API
,Cocktail,Q7397,'142',2022-01-27 16:24:02.058187: imported from zbMath Open API
,CoCoA,Q7397,'143',2022-01-27 16:24:02.058187: imported from zbMath Open API
,CoCoALib,Q7397,'144',2022-01-27 16:24:02.058187: imported from zbMath Open API
,COLAMD,Q7397,'145',2022-01-27 16:24:02.058187: imported from zbMath Open API
,COLLGUN,Q7397,'146',2022-01-27 16:24:02.058187: imported from zbMath Open API
,COMPAS,Q7397,'147',2022-01-27 16:24:02.058187: imported from zbMath Open API
,complex,Q7397,'148',2022-01-27 16:24:02.058187: imported from zbMath Open API
,complib,Q7397,'149',2022-01-27 16:24:02.058187: imported from zbMath Open API
,compositions,Q7397,'150',2022-01-27 16:24:02.058187: imported from zbMath Open API
,Concepts,Q7397,'151',2022-01-27 16:24:02.058187: imported from zbMath Open API
,CONHYP,Q7397,'152',2022-01-27 16:24:02.058187: imported from zbMath Open API
,ConImp,Q7397,'153',2022-01-27 16:24:02.058187: imported from zbMath Open API
,conley,Q7397,'154',2022-01-27 16:24:02.058187: imported from zbMath Open API
,CONSLAW,Q7397,'155',2022-01-27 16:24:02.058187: imported from zbMath Open API
,CONVODE,Q7397,'156',2022-01-27 16:24:02.058187: imported from zbMath Open API
,CONVUS,Q7397,'157',2022-01-27 16:24:02.058187: imported from zbMath Open API
,COOPT,Q7397,'158',2022-01-27 16:24:02.058187: imported from zbMath Open API
,FRODO,Q7397,'159',2022-01-27 16:24:02.058187: imported from zbMath Open API
,FSMT,Q7397,'160',2022-01-27 16:24:02.058187: imported from zbMath Open API
,Coq,Q7397,'161',2022-01-27 16:24:02.058187: imported from zbMath Open API
,COSTA,Q7397,'162',2022-01-27 16:24:02.058187: imported from zbMath Open API
,CoStLy,Q7397,'163',2022-01-27 16:24:02.058187: imported from zbMath Open API
,CPBPV,Q7397,'164',2022-01-27 16:24:02.058187: imported from zbMath Open API
,CPDES2,Q7397,'165',2022-01-27 16:24:02.058187: imported from zbMath Open API
,critic,Q7397,'166',2022-01-27 16:24:02.058187: imported from zbMath Open API
,crystal,Q7397,'167',2022-01-27 16:24:02.058187: imported from zbMath Open API
,c-sat,Q7397,'168',2022-01-27 16:24:02.058187: imported from zbMath Open API
,CSDP,Q7397,'169',2022-01-27 16:24:02.058187: imported from zbMath Open API
,CsegGraph,Q7397,'170',2022-01-27 16:24:02.058187: imported from zbMath Open API
,CS-Prolog,Q7397,'171',2022-01-27 16:24:02.058187: imported from zbMath Open API
,CSRFPACK,Q7397,'172',2022-01-27 16:24:02.058187: imported from zbMath Open API
,Cuba,Q7397,'173',2022-01-27 16:24:02.058187: imported from zbMath Open API
,CUBPACK,Q7397,'175',2022-01-27 16:24:02.058187: imported from zbMath Open API
,CUDAEASY,Q7397,'176',2022-01-27 16:24:02.058187: imported from zbMath Open API
,CUTE,Q7397,'177',2022-01-27 16:24:02.058187: imported from zbMath Open API
,CViz,Q7397,'178',2022-01-27 16:24:02.058187: imported from zbMath Open API
,CVPP,Q7397,'179',2022-01-27 16:24:02.058187: imported from zbMath Open API
,CXFTV2,Q7397,'180',2022-01-27 16:24:02.058187: imported from zbMath Open API
,C-XSC,Q7397,'181',2022-01-27 16:24:02.058187: imported from zbMath Open API
,C-XSC 2.0,Q7397,'182',2022-01-27 16:24:02.058187: imported from zbMath Open API
,Dafny,Q7397,'183',2022-01-27 16:24:02.058187: imported from zbMath Open API
,Dagwood,Q7397,'185',2022-01-27 16:24:02.058187: imported from zbMath Open API
,DARN!,Q7397,'186',2022-01-27 16:24:02.058187: imported from zbMath Open API
,DATA-MAP,Q7397,'187',2022-01-27 16:24:02.058187: imported from zbMath Open API
,DataScan,Q7397,'188',2022-01-27 16:24:02.058187: imported from zbMath Open API
,DAVIS,Q7397,'189',2022-01-27 16:24:02.058187: imported from zbMath Open API
,DCUHRE,Q7397,'190',2022-01-27 16:24:02.058187: imported from zbMath Open API
,DCUTRI,Q7397,'191',2022-01-27 16:24:02.058187: imported from zbMath Open API
,DDDLIB,Q7397,'192',2022-01-27 16:24:02.058187: imported from zbMath Open API
,DD-mod,Q7397,'193',2022-01-27 16:24:02.058187: imported from zbMath Open API
,DEA,Q7397,'194',2022-01-27 16:24:02.058187: imported from zbMath Open API
,Delta,Q7397,'195',2022-01-27 16:24:02.058187: imported from zbMath Open API
,DEMiCs,Q7397,'196',2022-01-27 16:24:02.058187: imported from zbMath Open API
,DENA,Q7397,'197',2022-01-27 16:24:02.058187: imported from zbMath Open API
,DETools,Q7397,'198',2022-01-27 16:24:02.058187: imported from zbMath Open API
,Devmol,Q7397,'199',2022-01-27 16:24:02.058187: imported from zbMath Open API
,D-Finder,Q7397,'200',2022-01-27 16:24:02.058187: imported from zbMath Open API
,DFTI,Q7397,'201',2022-01-27 16:24:02.058187: imported from zbMath Open API
,DG2VHDL,Q7397,'202',2022-01-27 16:24:02.058187: imported from zbMath Open API
,Diffpack,Q7397,'203',2022-01-27 16:24:02.058187: imported from zbMath Open API
,Dill,Q7397,'205',2022-01-27 16:24:02.058187: imported from zbMath Open API
,DisCAS,Q7397,'206',2022-01-27 16:24:02.058187: imported from zbMath Open API
,DISNEL,Q7397,'207',2022-01-27 16:24:02.058187: imported from zbMath Open API
,dl2asp,Q7397,'208',2022-01-27 16:24:02.058187: imported from zbMath Open API
,DL-LEED,Q7397,'209',2022-01-27 16:24:02.058187: imported from zbMath Open API
,DLLSA,Q7397,'210',2022-01-27 16:24:02.058187: imported from zbMath Open API
,DCMS_,Q7397,'211',2022-01-27 16:24:02.058187: imported from zbMath Open API
,DMG-Lib,Q7397,'212',2022-01-27 16:24:02.058187: imported from zbMath Open API
,DMTL,Q7397,'213',2022-01-27 16:24:02.058187: imported from zbMath Open API
,DOgMA,Q7397,'214',2022-01-27 16:24:02.058187: imported from zbMath Open API
,DOLIB,Q7397,'215',2022-01-27 16:24:02.058187: imported from zbMath Open API
,DP2PN2Solver,Q7397,'216',2022-01-27 16:24:02.058187: imported from zbMath Open API
,dpgb,Q7397,'217',2022-01-27 16:24:02.058187: imported from zbMath Open API
,DPJ,Q7397,'218',2022-01-27 16:24:02.058187: imported from zbMath Open API
,DPvis,Q7397,'219',2022-01-27 16:24:02.058187: imported from zbMath Open API
,DRAGON,Q7397,'220',2022-01-27 16:24:02.058187: imported from zbMath Open API
,DRAMA,Q7397,'221',2022-01-27 16:24:02.058187: imported from zbMath Open API
,dSL,Q7397,'222',2022-01-27 16:24:02.058187: imported from zbMath Open API
,DTCPP,Q7397,'223',2022-01-27 16:24:02.058187: imported from zbMath Open API
,Dunnart,Q7397,'224',2022-01-27 16:24:02.058187: imported from zbMath Open API
,Dynasol,Q7397,'227',2022-01-27 16:24:02.058187: imported from zbMath Open API
,EDGE,Q7397,'228',2022-01-27 16:24:02.058187: imported from zbMath Open API
,EdgePack,Q7397,'229',2022-01-27 16:24:02.058187: imported from zbMath Open API
,EDS,Q7397,'230',2022-01-27 16:24:02.058187: imported from zbMath Open API
,EDS3,Q7397,'231',2022-01-27 16:24:02.058187: imported from zbMath Open API
,EDU-EX,Q7397,'232',2022-01-27 16:24:02.058187: imported from zbMath Open API
,E&F Chaos,Q7397,'233',2022-01-27 16:24:02.058187: imported from zbMath Open API
,EHMAC,Q7397,'234',2022-01-27 16:24:02.058187: imported from zbMath Open API
,EIGIFP,Q7397,'235',2022-01-27 16:24:02.058187: imported from zbMath Open API
,Elkhound,Q7397,'236',2022-01-27 16:24:02.058187: imported from zbMath Open API
,EMiT,Q7397,'237',2022-01-27 16:24:02.058187: imported from zbMath Open API
,Engel,Q7397,'238',2022-01-27 16:24:02.058187: imported from zbMath Open API
,EOlib,Q7397,'239',2022-01-27 16:24:02.058187: imported from zbMath Open API
,EPDCOL,Q7397,'240',2022-01-27 16:24:02.058187: imported from zbMath Open API
,EPIMK2,Q7397,'241',2022-01-27 16:24:02.058187: imported from zbMath Open API
,ePix,Q7397,'242',2022-01-27 16:24:02.058187: imported from zbMath Open API
,EPL-Julia,Q7397,'243',2022-01-27 16:24:02.058187: imported from zbMath Open API
,Epsilon,Q7397,'244',2022-01-27 16:24:02.058187: imported from zbMath Open API
,ERCS08,Q7397,'245',2022-01-27 16:24:02.058187: imported from zbMath Open API
,Errata,Q7397,'246',2022-01-27 16:24:02.058187: imported from zbMath Open API
,ESBA2,Q7397,'247',2022-01-27 16:24:02.058187: imported from zbMath Open API
,ESFLIB,Q7397,'248',2022-01-27 16:24:02.058187: imported from zbMath Open API
,ESTIMA,Q7397,'249',2022-01-27 16:24:02.058187: imported from zbMath Open API
,EULAIR,Q7397,'250',2022-01-27 16:24:02.058187: imported from zbMath Open API
,EULER,Q7397,'251',2022-01-27 16:24:02.058187: imported from zbMath Open API
,Eureka!,Q7397,'252',2022-01-27 16:24:02.058187: imported from zbMath Open API
,EVE,Q7397,'253',2022-01-27 16:24:02.058187: imported from zbMath Open API
,EViews,Q7397,'254',2022-01-27 16:24:02.058187: imported from zbMath Open API
,EVIM,Q7397,'255',2022-01-27 16:24:02.058187: imported from zbMath Open API
,EvolFMC,Q7397,'256',2022-01-27 16:24:02.058187: imported from zbMath Open API
,EXPFIT4,Q7397,'257',2022-01-27 16:24:02.058187: imported from zbMath Open API
,Expokit,Q7397,'258',2022-01-27 16:24:02.058187: imported from zbMath Open API
,Extrud,Q7397,'259',2022-01-27 16:24:02.058187: imported from zbMath Open API
,FACTOR,Q7397,'260',2022-01-27 16:24:02.058187: imported from zbMath Open API
,FARB-E-2D,Q7397,'261',2022-01-27 16:24:02.058187: imported from zbMath Open API
,FAST16,Q7397,'262',2022-01-27 16:24:02.058187: imported from zbMath Open API
,FANN,Q7397,'263',2022-01-27 16:24:02.058187: imported from zbMath Open API
,FASTERD,Q7397,'264',2022-01-27 16:24:02.058187: imported from zbMath Open API
,FATCOP,Q7397,'265',2022-01-27 16:24:02.058187: imported from zbMath Open API
,FC++,Q7397,'266',2022-01-27 16:24:02.058187: imported from zbMath Open API
,FCLib,Q7397,'267',2022-01-27 16:24:02.058187: imported from zbMath Open API
,FDCSUSYDecay,Q7397,'268',2022-01-27 16:24:02.058187: imported from zbMath Open API
,FDEXTR,Q7397,'269',2022-01-27 16:24:02.058187: imported from zbMath Open API
,FDLIB,Q7397,'270',2022-01-27 16:24:02.058187: imported from zbMath Open API
,FDVis,Q7397,'271',2022-01-27 16:24:02.058187: imported from zbMath Open API
,FedeRaL,Q7397,'272',2022-01-27 16:24:02.058187: imported from zbMath Open API
,FEMGPL,Q7397,'273',2022-01-27 16:24:02.058187: imported from zbMath Open API
,FEMLAB,Q7397,'274',2022-01-27 16:24:02.058187: imported from zbMath Open API
,FEMSTER,Q7397,'275',2022-01-27 16:24:02.058187: imported from zbMath Open API
,FEPG,Q7397,'276',2022-01-27 16:24:02.058187: imported from zbMath Open API
,Fermat,Q7397,'277',2022-01-27 16:24:02.058187: imported from zbMath Open API
,FESSDE,Q7397,'278',2022-01-27 16:24:02.058187: imported from zbMath Open API
,FETMOSS,Q7397,'279',2022-01-27 16:24:02.058187: imported from zbMath Open API
,FEView,Q7397,'280',2022-01-27 16:24:02.058187: imported from zbMath Open API
,FEXACT,Q7397,'281',2022-01-27 16:24:02.058187: imported from zbMath Open API
,FeynHiggs,Q7397,'282',2022-01-27 16:24:02.058187: imported from zbMath Open API
,FFLAS-FFPACK,Q7397,'283',2022-01-27 16:24:02.058187: imported from zbMath Open API
,FFT9,Q7397,'285',2022-01-27 16:24:02.058187: imported from zbMath Open API
,FGb,Q7397,'286',2022-01-27 16:24:02.058187: imported from zbMath Open API
,FIAT,Q7397,'287',2022-01-27 16:24:02.058187: imported from zbMath Open API
,FIDISOL,Q7397,'288',2022-01-27 16:24:02.058187: imported from zbMath Open API
,Figaro,Q7397,'289',2022-01-27 16:24:02.058187: imported from zbMath Open API
,FINSLER,Q7397,'290',2022-01-27 16:24:02.058187: imported from zbMath Open API
,finvar.lib,Q7397,'291',2022-01-27 16:24:02.058187: imported from zbMath Open API
,FIPS,Q7397,'292',2022-01-27 16:24:02.058187: imported from zbMath Open API
,FLAME,Q7397,'293',2022-01-27 16:24:02.058187: imported from zbMath Open API
,FLASH Code,Q7397,'294',2022-01-27 16:24:02.058187: imported from zbMath Open API
,FLEXMG,Q7397,'295',2022-01-27 16:24:02.058187: imported from zbMath Open API
,FL-GrCCA,Q7397,'296',2022-01-27 16:24:02.058187: imported from zbMath Open API
,FLINT,Q7397,'297',2022-01-27 16:24:02.058187: imported from zbMath Open API
,FLIP,Q7397,'298',2022-01-27 16:24:02.058187: imported from zbMath Open API
,FLIPS,Q7397,'299',2022-01-27 16:24:02.058187: imported from zbMath Open API
,FLITE3D,Q7397,'300',2022-01-27 16:24:02.058187: imported from zbMath Open API
,FluidSim,Q7397,'301',2022-01-27 16:24:02.058187: imported from zbMath Open API
,FluNet,Q7397,'302',2022-01-27 16:24:02.058187: imported from zbMath Open API
,FMona,Q7397,'303',2022-01-27 16:24:02.058187: imported from zbMath Open API
,Forest FIRE,Q7397,'304',2022-01-27 16:24:02.058187: imported from zbMath Open API
,FORTRAN-SC,Q7397,'305',2022-01-27 16:24:02.058187: imported from zbMath Open API
,FORTRAN-XSC,Q7397,'306',2022-01-27 16:24:02.058187: imported from zbMath Open API
,FOXBOX,Q7397,'307',2022-01-27 16:24:02.058187: imported from zbMath Open API
,FracMAP,Q7397,'308',2022-01-27 16:24:02.058187: imported from zbMath Open API
,FuelCellLib,Q7397,'309',2022-01-27 16:24:02.058187: imported from zbMath Open API
,FUM,Q7397,'310',2022-01-27 16:24:02.058187: imported from zbMath Open API
,FUZSIM,Q7397,'311',2022-01-27 16:24:02.058187: imported from zbMath Open API
,FuzzME,Q7397,'312',2022-01-27 16:24:02.058187: imported from zbMath Open API
,Gaalop,Q7397,'313',2022-01-27 16:24:02.058187: imported from zbMath Open API
,GaAs-MESFET,Q7397,'314',2022-01-27 16:24:02.058187: imported from zbMath Open API
,Galileo,Q7397,'316',2022-01-27 16:24:02.058187: imported from zbMath Open API
,GALOIS,Q7397,'317',2022-01-27 16:24:02.058187: imported from zbMath Open API
,GAMMA2D,Q7397,'318',2022-01-27 16:24:02.058187: imported from zbMath Open API
,GANSO,Q7397,'319',2022-01-27 16:24:02.058187: imported from zbMath Open API
,GAP,Q7397,'320',2022-01-27 16:24:02.058187: imported from zbMath Open API
,GASFLO,Q7397,'321',2022-01-27 16:24:02.058187: imported from zbMath Open API
,GAUSS,Q7397,'322',2022-01-27 16:24:02.058187: imported from zbMath Open API
,GAVS,Q7397,'323',2022-01-27 16:24:02.058187: imported from zbMath Open API
,Gb,Q7397,'324',2022-01-27 16:24:02.058187: imported from zbMath Open API
,GCÂ²,Q7397,'325',2022-01-27 16:24:02.058187: imported from zbMath Open API
,GCLC,Q7397,'326',2022-01-27 16:24:02.058187: imported from zbMath Open API
,GDR,Q7397,'327',2022-01-27 16:24:02.058187: imported from zbMath Open API
,GEANT4,Q7397,'328',2022-01-27 16:24:02.058187: imported from zbMath Open API
,GEARS,Q7397,'329',2022-01-27 16:24:02.058187: imported from zbMath Open API
,Geist3D,Q7397,'330',2022-01-27 16:24:02.058187: imported from zbMath Open API
,GELDA,Q7397,'331',2022-01-27 16:24:02.058187: imported from zbMath Open API
,GeM,Q7397,'332',2022-01-27 16:24:02.058187: imported from zbMath Open API
,Gencel,Q7397,'333',2022-01-27 16:24:02.058187: imported from zbMath Open API
,GENEX,Q7397,'334',2022-01-27 16:24:02.058187: imported from zbMath Open API
,GENOPT,Q7397,'335',2022-01-27 16:24:02.058187: imported from zbMath Open API
,GENTRAN 90,Q7397,'336',2022-01-27 16:24:02.058187: imported from zbMath Open API
,GeodesicViewer,Q7397,'337',2022-01-27 16:24:02.058187: imported from zbMath Open API
,GeoFEM,Q7397,'338',2022-01-27 16:24:02.058187: imported from zbMath Open API
,GEOMPACK,Q7397,'339',2022-01-27 16:24:02.058187: imported from zbMath Open API
,GEOMS,Q7397,'340',2022-01-27 16:24:02.058187: imported from zbMath Open API
,Gerris,Q7397,'341',2022-01-27 16:24:02.058187: imported from zbMath Open API
,GFACTOR2001,Q7397,'342',2022-01-27 16:24:02.058187: imported from zbMath Open API
,GFCUBHEX,Q7397,'343',2022-01-27 16:24:02.058187: imported from zbMath Open API
,gfun,Q7397,'344',2022-01-27 16:24:02.058187: imported from zbMath Open API
,GGobi,Q7397,'345',2022-01-27 16:24:02.058187: imported from zbMath Open API
,GHP,Q7397,'346',2022-01-27 16:24:02.058187: imported from zbMath Open API
,GHPII,Q7397,'347',2022-01-27 16:24:02.058187: imported from zbMath Open API
,GiANT,Q7397,'348',2022-01-27 16:24:02.058187: imported from zbMath Open API
,GILK,Q7397,'349',2022-01-27 16:24:02.058187: imported from zbMath Open API
,Ginv,Q7397,'350',2022-01-27 16:24:02.058187: imported from zbMath Open API
,GistSumm,Q7397,'352',2022-01-27 16:24:02.058187: imported from zbMath Open API
,GITA,Q7397,'353',2022-01-27 16:24:02.058187: imported from zbMath Open API
,Givaro,Q7397,'354',2022-01-27 16:24:02.058187: imported from zbMath Open API
,GLANUSIT,Q7397,'355',2022-01-27 16:24:02.058187: imported from zbMath Open API
,GLie,Q7397,'356',2022-01-27 16:24:02.058187: imported from zbMath Open API
,GLOB,Q7397,'357',2022-01-27 16:24:02.058187: imported from zbMath Open API
,Global Optimization Toolbox For Maple,Q7397,'358',2022-01-27 16:24:02.058187: imported from zbMath Open API
,GLOPT,Q7397,'359',2022-01-27 16:24:02.058187: imported from zbMath Open API
,gLPS,Q7397,'360',2022-01-27 16:24:02.058187: imported from zbMath Open API
,glsurf,Q7397,'361',2022-01-27 16:24:02.058187: imported from zbMath Open API
,Gmat,Q7397,'362',2022-01-27 16:24:02.058187: imported from zbMath Open API
,gmp,Q7397,'363',2022-01-27 16:24:02.058187: imported from zbMath Open API
,GMP/X,Q7397,'364',2022-01-27 16:24:02.058187: imported from zbMath Open API
,GMRES,Q7397,'365',2022-01-27 16:24:02.058187: imported from zbMath Open API
,Gmsh,Q7397,'366',2022-01-27 16:24:02.058187: imported from zbMath Open API
,GNT,Q7397,'367',2022-01-27 16:24:02.058187: imported from zbMath Open API
,GNTicker,Q7397,'368',2022-01-27 16:24:02.058187: imported from zbMath Open API
,GNU MPFR,Q7397,'369',2022-01-27 16:24:02.058187: imported from zbMath Open API
,GOBLIN,Q7397,'370',2022-01-27 16:24:02.058187: imported from zbMath Open API
,Golem95,Q7397,'371',2022-01-27 16:24:02.058187: imported from zbMath Open API
,GPAMM,Q7397,'372',2022-01-27 16:24:02.058187: imported from zbMath Open API
,GQRAT,Q7397,'373',2022-01-27 16:24:02.058187: imported from zbMath Open API
,Grail,Q7397,'374',2022-01-27 16:24:02.058187: imported from zbMath Open API
,GrAL,Q7397,'375',2022-01-27 16:24:02.058187: imported from zbMath Open API
,ngram,Q7397,'376',2022-01-27 16:24:02.058187: imported from zbMath Open API
,GRAPE,Q7397,'377',2022-01-27 16:24:02.058187: imported from zbMath Open API
,GraphTool,Q7397,'378',2022-01-27 16:24:02.058187: imported from zbMath Open API
,grasp2k,Q7397,'379',2022-01-27 16:24:02.058187: imported from zbMath Open API
,GRASP92,Q7397,'380',2022-01-27 16:24:02.058187: imported from zbMath Open API
,GravEn,Q7397,'381',2022-01-27 16:24:02.058187: imported from zbMath Open API
,GRB,Q7397,'382',2022-01-27 16:24:02.058187: imported from zbMath Open API
,GREAT,Q7397,'383',2022-01-27 16:24:02.058187: imported from zbMath Open API
,GreatSPN,Q7397,'384',2022-01-27 16:24:02.058187: imported from zbMath Open API
,GRESS,Q7397,'385',2022-01-27 16:24:02.058187: imported from zbMath Open API
,gretl,Q7397,'386',2022-01-27 16:24:02.058187: imported from zbMath Open API
,GrGen,Q7397,'387',2022-01-27 16:24:02.058187: imported from zbMath Open API
,GridBench,Q7397,'388',2022-01-27 16:24:02.058187: imported from zbMath Open API
,GridComp,Q7397,'389',2022-01-27 16:24:02.058187: imported from zbMath Open API
,gridlib,Q7397,'390',2022-01-27 16:24:02.058187: imported from zbMath Open API
,GRM,Q7397,'391',2022-01-27 16:24:02.058187: imported from zbMath Open API
,GRSIM,Q7397,'392',2022-01-27 16:24:02.058187: imported from zbMath Open API
,GRTensorII,Q7397,'393',2022-01-27 16:24:02.058187: imported from zbMath Open API
,GSPeeDI,Q7397,'394',2022-01-27 16:24:02.058187: imported from zbMath Open API
,gTybalt,Q7397,'395',2022-01-27 16:24:02.058187: imported from zbMath Open API
,H2PEC,Q7397,'396',2022-01-27 16:24:02.058187: imported from zbMath Open API
,HaifaSat,Q7397,'397',2022-01-27 16:24:02.058187: imported from zbMath Open API
,HANKEL,Q7397,'398',2022-01-27 16:24:02.058187: imported from zbMath Open API
,HasCasl,Q7397,'399',2022-01-27 16:24:02.058187: imported from zbMath Open API
,HBrowse,Q7397,'400',2022-01-27 16:24:02.058187: imported from zbMath Open API
,HDECAY,Q7397,'401',2022-01-27 16:24:02.058187: imported from zbMath Open API
,HEDES,Q7397,'402',2022-01-27 16:24:02.058187: imported from zbMath Open API
,HERMES,Q7397,'403',2022-01-27 16:24:02.058187: imported from zbMath Open API
,HeteroMPI,Q7397,'404',2022-01-27 16:24:02.058187: imported from zbMath Open API
,HFST,Q7397,'405',2022-01-27 16:24:02.058187: imported from zbMath Open API
,HGV,Q7397,'406',2022-01-27 16:24:02.058187: imported from zbMath Open API
,HIFICOMP,Q7397,'407',2022-01-27 16:24:02.058187: imported from zbMath Open API
,Hilbert class library,Q7397,'408',2022-01-27 16:24:02.058187: imported from zbMath Open API
,HOL-Boogie,Q7397,'409',2022-01-27 16:24:02.058187: imported from zbMath Open API
,HOM4PS,Q7397,'410',2022-01-27 16:24:02.058187: imported from zbMath Open API
,homalg,Q7397,'411',2022-01-27 16:24:02.058187: imported from zbMath Open API
,HOMPACK90,Q7397,'412',2022-01-27 16:24:02.058187: imported from zbMath Open API
,Hopscotch,Q7397,'413',2022-01-27 16:24:02.058187: imported from zbMath Open API
,Houria III,Q7397,'414',2022-01-27 16:24:02.058187: imported from zbMath Open API
,HP90,Q7397,'415',2022-01-27 16:24:02.058187: imported from zbMath Open API
,HPFIT,Q7397,'416',2022-01-27 16:24:02.058187: imported from zbMath Open API
,HPF/JA,Q7397,'417',2022-01-27 16:24:02.058187: imported from zbMath Open API
,HSL,Q7397,'418',2022-01-27 16:24:02.058187: imported from zbMath Open API
,hsmm,Q7397,'419',2022-01-27 16:24:02.058187: imported from zbMath Open API
,HURRY,Q7397,'420',2022-01-27 16:24:02.058187: imported from zbMath Open API
,HYBRID,Q7397,'421',2022-01-27 16:24:02.058187: imported from zbMath Open API
,HYPENS,Q7397,'422',2022-01-27 16:24:02.058187: imported from zbMath Open API
,HYPERG,Q7397,'423',2022-01-27 16:24:02.058187: imported from zbMath Open API
,Hyperheuristics,Q7397,'424',2022-01-27 16:24:02.058187: imported from zbMath Open API
,Hypexp,Q7397,'425',2022-01-27 16:24:02.058187: imported from zbMath Open API
,hypre,Q7397,'426',2022-01-27 16:24:02.058187: imported from zbMath Open API
,HYTRAN,Q7397,'427',2022-01-27 16:24:02.058187: imported from zbMath Open API
,I2Geo,Q7397,'428',2022-01-27 16:24:02.058187: imported from zbMath Open API
,IBM Scratchpad,Q7397,'429',2022-01-27 16:24:02.058187: imported from zbMath Open API
,ICONGRAPH,Q7397,'431',2022-01-27 16:24:02.058187: imported from zbMath Open API
,ICOT,Q7397,'432',2022-01-27 16:24:02.058187: imported from zbMath Open API
,ICS,Q7397,'433',2022-01-27 16:24:02.058187: imported from zbMath Open API
,IDA,Q7397,'434',2022-01-27 16:24:02.058187: imported from zbMath Open API
,IDS,Q7397,'435',2022-01-27 16:24:02.058187: imported from zbMath Open API
,ILTP,Q7397,'437',2022-01-27 16:24:02.058187: imported from zbMath Open API
,IMD,Q7397,'438',2022-01-27 16:24:02.058187: imported from zbMath Open API
,IMITATOR,Q7397,'439',2022-01-27 16:24:02.058187: imported from zbMath Open API
,IML - Integer Matrix Library,Q7397,'440',2022-01-27 16:24:02.058187: imported from zbMath Open API
,INCOP,Q7397,'441',2022-01-27 16:24:02.058187: imported from zbMath Open API
,INTBIS,Q7397,'442',2022-01-27 16:24:02.058187: imported from zbMath Open API
,InterViewer,Q7397,'443',2022-01-27 16:24:02.058187: imported from zbMath Open API
,INTLIB,Q7397,'444',2022-01-27 16:24:02.058187: imported from zbMath Open API
,intpakX,Q7397,'445',2022-01-27 16:24:02.058187: imported from zbMath Open API
,Invar,Q7397,'446',2022-01-27 16:24:02.058187: imported from zbMath Open API
,InViWo,Q7397,'447',2022-01-27 16:24:02.058187: imported from zbMath Open API
,iOpt,Q7397,'448',2022-01-27 16:24:02.058187: imported from zbMath Open API
,IPMLO,Q7397,'449',2022-01-27 16:24:02.058187: imported from zbMath Open API
,IQPACK,Q7397,'450',2022-01-27 16:24:02.058187: imported from zbMath Open API
,irbleigs,Q7397,'451',2022-01-27 16:24:02.058187: imported from zbMath Open API
,IRKC,Q7397,'452',2022-01-27 16:24:02.058187: imported from zbMath Open API
,ISAAC,Q7397,'453',2022-01-27 16:24:02.058187: imported from zbMath Open API
,Isabelle,Q7397,'454',2022-01-27 16:24:02.058187: imported from zbMath Open API
,ISNaS,Q7397,'456',2022-01-27 16:24:02.058187: imported from zbMath Open API
,ISOGAT,Q7397,'457',2022-01-27 16:24:02.058187: imported from zbMath Open API
,Isolde,Q7397,'458',2022-01-27 16:24:02.058187: imported from zbMath Open API
,ITPACK,Q7397,'459',2022-01-27 16:24:02.058187: imported from zbMath Open API
,ITPACK 2C,Q7397,'460',2022-01-27 16:24:02.058187: imported from zbMath Open API
,ITSM,Q7397,'461',2022-01-27 16:24:02.058187: imported from zbMath Open API
,J3DV,Q7397,'462',2022-01-27 16:24:02.058187: imported from zbMath Open API
,JAAFAAR,Q7397,'463',2022-01-27 16:24:02.058187: imported from zbMath Open API
,JASMine,Q7397,'464',2022-01-27 16:24:02.058187: imported from zbMath Open API
,JASP,Q7397,'465',2022-01-27 16:24:02.058187: imported from zbMath Open API
,JavaCard,Q7397,'466',2022-01-27 16:24:02.058187: imported from zbMath Open API
,JavaFit,Q7397,'467',2022-01-27 16:24:02.058187: imported from zbMath Open API
,JAVAVIS,Q7397,'468',2022-01-27 16:24:02.058187: imported from zbMath Open API
,JaVis,Q7397,'469',2022-01-27 16:24:02.058187: imported from zbMath Open API
,JBSP,Q7397,'470',2022-01-27 16:24:02.058187: imported from zbMath Open API
,jETI,Q7397,'471',2022-01-27 16:24:02.058187: imported from zbMath Open API
,JEWL,Q7397,'472',2022-01-27 16:24:02.058187: imported from zbMath Open API
,JHomogenizer,Q7397,'473',2022-01-27 16:24:02.058187: imported from zbMath Open API
,JJGEN,Q7397,'474',2022-01-27 16:24:02.058187: imported from zbMath Open API
,JMLUnit,Q7397,'475',2022-01-27 16:24:02.058187: imported from zbMath Open API
,JMP,Q7397,'476',2022-01-27 16:24:02.058187: imported from zbMath Open API
,JMulTi,Q7397,'477',2022-01-27 16:24:02.058187: imported from zbMath Open API
,JNF,Q7397,'478',2022-01-27 16:24:02.058187: imported from zbMath Open API
,JuNoLo,Q7397,'479',2022-01-27 16:24:02.058187: imported from zbMath Open API
,KAM,Q7397,'480',2022-01-27 16:24:02.058187: imported from zbMath Open API
,KANT/KASH,Q7397,'481',2022-01-27 16:24:02.058187: imported from zbMath Open API
,KANTBP,Q7397,'482',2022-01-27 16:24:02.058187: imported from zbMath Open API
,KB-VISION,Q7397,'483',2022-01-27 16:24:02.058187: imported from zbMath Open API
,kcnfs,Q7397,'484',2022-01-27 16:24:02.058187: imported from zbMath Open API
,KelpIO,Q7397,'485',2022-01-27 16:24:02.058187: imported from zbMath Open API
,KeY-C,Q7397,'486',2022-01-27 16:24:02.058187: imported from zbMath Open API
,KILLING,Q7397,'487',2022-01-27 16:24:02.058187: imported from zbMath Open API
,KINSOLVER,Q7397,'488',2022-01-27 16:24:02.058187: imported from zbMath Open API
,KLEIN,Q7397,'489',2022-01-27 16:24:02.058187: imported from zbMath Open API
,KNITRO,Q7397,'490',2022-01-27 16:24:02.058187: imported from zbMath Open API
,KnotPlot,Q7397,'491',2022-01-27 16:24:02.058187: imported from zbMath Open API
,KoralW,Q7397,'492',2022-01-27 16:24:02.058187: imported from zbMath Open API
,KORALZ,Q7397,'493',2022-01-27 16:24:02.058187: imported from zbMath Open API
,Kranc,Q7397,'494',2022-01-27 16:24:02.058187: imported from zbMath Open API
,Kronecker,Q7397,'495',2022-01-27 16:24:02.058187: imported from zbMath Open API
,KyPlot,Q7397,'496',2022-01-27 16:24:02.058187: imported from zbMath Open API
,L1Packv2,Q7397,'497',2022-01-27 16:24:02.058187: imported from zbMath Open API
,L2CXFT,Q7397,'498',2022-01-27 16:24:02.058187: imported from zbMath Open API
,LANCELOT,Q7397,'500',2022-01-27 16:24:02.058187: imported from zbMath Open API
,LANGAGE,Q7397,'501',2022-01-27 16:24:02.058187: imported from zbMath Open API
,LanHEP,Q7397,'502',2022-01-27 16:24:02.058187: imported from zbMath Open API
,LAPACK,Q7397,'503',2022-01-27 16:24:02.058187: imported from zbMath Open API
,LAPACK95,Q7397,'504',2022-01-27 16:24:02.058187: imported from zbMath Open API
,LASS,Q7397,'505',2022-01-27 16:24:02.058187: imported from zbMath Open API
,LATTICEEASY,Q7397,'506',2022-01-27 16:24:02.058187: imported from zbMath Open API
,LDL,Q7397,'507',2022-01-27 16:24:02.058187: imported from zbMath Open API
,LDLTP,Q7397,'508',2022-01-27 16:24:02.058187: imported from zbMath Open API
,LEDA,Q7397,'509',2022-01-27 16:24:02.058187: imported from zbMath Open API
,LEED90,Q7397,'510',2022-01-27 16:24:02.058187: imported from zbMath Open API
,LENTA,Q7397,'511',2022-01-27 16:24:02.058187: imported from zbMath Open API
,LEO-II,Q7397,'512',2022-01-27 16:24:02.058187: imported from zbMath Open API
,Lesser Bear,Q7397,'513',2022-01-27 16:24:02.058187: imported from zbMath Open API
,LEVI,Q7397,'514',2022-01-27 16:24:02.058187: imported from zbMath Open API
,LEXIGRAM,Q7397,'515',2022-01-27 16:24:02.058187: imported from zbMath Open API
,LGO,Q7397,'516',2022-01-27 16:24:02.058187: imported from zbMath Open API
,LGS,Q7397,'517',2022-01-27 16:24:02.058187: imported from zbMath Open API
,LiDIA,Q7397,'518',2022-01-27 16:24:02.058187: imported from zbMath Open API
,LILIX,Q7397,'520',2022-01-27 16:24:02.058187: imported from zbMath Open API
,LIMSoft,Q7397,'521',2022-01-27 16:24:02.058187: imported from zbMath Open API
,LinBox,Q7397,'522',2022-01-27 16:24:02.058187: imported from zbMath Open API
,LiScNLE,Q7397,'523',2022-01-27 16:24:02.058187: imported from zbMath Open API
,Loki,Q7397,'524',2022-01-27 16:24:02.058187: imported from zbMath Open API
,LOREG,Q7397,'525',2022-01-27 16:24:02.058187: imported from zbMath Open API
,LPABO,Q7397,'526',2022-01-27 16:24:02.058187: imported from zbMath Open API
,LPAKO,Q7397,'527',2022-01-27 16:24:02.058187: imported from zbMath Open API
,LP-LGU,Q7397,'528',2022-01-27 16:24:02.058187: imported from zbMath Open API
,LSNNO,Q7397,'529',2022-01-27 16:24:02.058187: imported from zbMath Open API
,LSQR,Q7397,'530',2022-01-27 16:24:02.058187: imported from zbMath Open API
,Lyap,Q7397,'531',2022-01-27 16:24:02.058187: imported from zbMath Open API
,M2Z,Q7397,'532',2022-01-27 16:24:02.058187: imported from zbMath Open API
,M3RK,Q7397,'533',2022-01-27 16:24:02.058187: imported from zbMath Open API
,M4RI,Q7397,'534',2022-01-27 16:24:02.058187: imported from zbMath Open API
,MA48,Q7397,'535',2022-01-27 16:24:02.058187: imported from zbMath Open API
,MA57,Q7397,'536',2022-01-27 16:24:02.058187: imported from zbMath Open API
,Macaulay2,Q7397,'537',2022-01-27 16:24:02.058187: imported from zbMath Open API
,MACBETH,Q7397,'538',2022-01-27 16:24:02.058187: imported from zbMath Open API
,MACHAR,Q7397,'539',2022-01-27 16:24:02.058187: imported from zbMath Open API
,Magma,Q7397,'540',2022-01-27 16:24:02.058187: imported from zbMath Open API
,MAGNeT,Q7397,'541',2022-01-27 16:24:02.058187: imported from zbMath Open API
,MALLBA,Q7397,'542',2022-01-27 16:24:02.058187: imported from zbMath Open API
,MAMSolver,Q7397,'543',2022-01-27 16:24:02.058187: imported from zbMath Open API
,ManySAT,Q7397,'544',2022-01-27 16:24:02.058187: imported from zbMath Open API
,Maple,Q7397,'545',2022-01-27 16:24:02.058187: imported from zbMath Open API
,MapReduce,Q7397,'546',2022-01-27 16:24:02.058187: imported from zbMath Open API
,MARCA,Q7397,'547',2022-01-27 16:24:02.058187: imported from zbMath Open API
,March_eq,Q7397,'548',2022-01-27 16:24:02.058187: imported from zbMath Open API
,MARS,Q7397,'549',2022-01-27 16:24:02.058187: imported from zbMath Open API
,MATAD,Q7397,'550',2022-01-27 16:24:02.058187: imported from zbMath Open API
,MATCONT,Q7397,'551',2022-01-27 16:24:02.058187: imported from zbMath Open API
,MathBlackBoard,Q7397,'552',2022-01-27 16:24:02.058187: imported from zbMath Open API
,Mathemagix,Q7397,'553',2022-01-27 16:24:02.058187: imported from zbMath Open API
,Mathematica,Q7397,'554',2022-01-27 16:24:02.058187: imported from zbMath Open API
,MathLie,Q7397,'555',2022-01-27 16:24:02.058187: imported from zbMath Open API
,Mathomatic,Q7397,'556',2022-01-27 16:24:02.058187: imported from zbMath Open API
,MATHSCOUT,Q7397,'557',2022-01-27 16:24:02.058187: imported from zbMath Open API
,Matlab,Q7397,'558',2022-01-27 16:24:02.058187: imported from zbMath Open API
,MATSLISE,Q7397,'559',2022-01-27 16:24:02.058187: imported from zbMath Open API
,Maxima,Q7397,'560',2022-01-27 16:24:02.058187: imported from zbMath Open API
,MBL,Q7397,'561',2022-01-27 16:24:02.058187: imported from zbMath Open API
,MCGP,Q7397,'562',2022-01-27 16:24:02.058187: imported from zbMath Open API
,mclust,Q7397,'563',2022-01-27 16:24:02.058187: imported from zbMath Open API
,MC-TESTER,Q7397,'564',2022-01-27 16:24:02.058187: imported from zbMath Open API
,MCTS-Solver,Q7397,'565',2022-01-27 16:24:02.058187: imported from zbMath Open API
,MDVRY,Q7397,'566',2022-01-27 16:24:02.058187: imported from zbMath Open API
,MEBDF,Q7397,'567',2022-01-27 16:24:02.058187: imported from zbMath Open API
,MEDITOMO,Q7397,'568',2022-01-27 16:24:02.058187: imported from zbMath Open API
,MEEP,Q7397,'569',2022-01-27 16:24:02.058187: imported from zbMath Open API
,MENDELS,Q7397,'570',2022-01-27 16:24:02.058187: imported from zbMath Open API
,MENLO_PARC,Q7397,'571',2022-01-27 16:24:02.058187: imported from zbMath Open API
,MetaGame,Q7397,'572',2022-01-27 16:24:02.058187: imported from zbMath Open API
,MetiTarski,Q7397,'573',2022-01-27 16:24:02.058187: imported from zbMath Open API
,MATHLAB,Q7397,'574',2022-01-27 16:24:02.058187: imported from zbMath Open API
,Microlay,Q7397,'575',2022-01-27 16:24:02.058187: imported from zbMath Open API
,MIGA,Q7397,'576',2022-01-27 16:24:02.058187: imported from zbMath Open API
,MiniSat,Q7397,'577',2022-01-27 16:24:02.058187: imported from zbMath Open API
,MISCFUN,Q7397,'578',2022-01-27 16:24:02.058187: imported from zbMath Open API
,MISTRAL,Q7397,'579',2022-01-27 16:24:02.058187: imported from zbMath Open API
,mixAK,Q7397,'580',2022-01-27 16:24:02.058187: imported from zbMath Open API
,MixedVol,Q7397,'581',2022-01-27 16:24:02.058187: imported from zbMath Open API
,MLAT,Q7397,'582',2022-01-27 16:24:02.058187: imported from zbMath Open API
,ML-SMART,Q7397,'583',2022-01-27 16:24:02.058187: imported from zbMath Open API
,MMP/Geometer,Q7397,'584',2022-01-27 16:24:02.058187: imported from zbMath Open API
,Molcol,Q7397,'585',2022-01-27 16:24:02.058187: imported from zbMath Open API
,MOLGEN,Q7397,'586',2022-01-27 16:24:02.058187: imported from zbMath Open API
,MOLGEN-QSPR,Q7397,'587',2022-01-27 16:24:02.058187: imported from zbMath Open API
,MOMBASA,Q7397,'588',2022-01-27 16:24:02.058187: imported from zbMath Open API
,MONC,Q7397,'589',2022-01-27 16:24:02.058187: imported from zbMath Open API
,Monolithic Eyes,Q7397,'590',2022-01-27 16:24:02.058187: imported from zbMath Open API
,MontePython,Q7397,'591',2022-01-27 16:24:02.058187: imported from zbMath Open API
,MooNMD,Q7397,'592',2022-01-27 16:24:02.058187: imported from zbMath Open API
,TRIGMAN,Q7397,'593',2022-01-27 16:24:02.058187: imported from zbMath Open API
,Motion4D,Q7397,'594',2022-01-27 16:24:02.058187: imported from zbMath Open API
,MpCCI,Q7397,'595',2022-01-27 16:24:02.058187: imported from zbMath Open API
,MPDATA,Q7397,'596',2022-01-27 16:24:02.058187: imported from zbMath Open API
,MPFI,Q7397,'597',2022-01-27 16:24:02.058187: imported from zbMath Open API
,MPGENR,Q7397,'598',2022-01-27 16:24:02.058187: imported from zbMath Open API
,MPI-CHECK,Q7397,'599',2022-01-27 16:24:02.058187: imported from zbMath Open API
,MPLOT3,Q7397,'600',2022-01-27 16:24:02.058187: imported from zbMath Open API
,MUDPACK,Q7397,'601',2022-01-27 16:24:02.058187: imported from zbMath Open API
,Multiflex,Q7397,'602',2022-01-27 16:24:02.058187: imported from zbMath Open API
,MultInt,Q7397,'603',2022-01-27 16:24:02.058187: imported from zbMath Open API
,MultRoot,Q7397,'604',2022-01-27 16:24:02.058187: imported from zbMath Open API
,muMATH-79,Q7397,'605',2022-01-27 16:24:02.058187: imported from zbMath Open API
,MuPAD,Q7397,'606',2022-01-27 16:24:02.058187: imported from zbMath Open API
,CAMAL,Q7397,'607',2022-01-27 16:24:02.058187: imported from zbMath Open API
,MURBANDY,Q7397,'608',2022-01-27 16:24:02.058187: imported from zbMath Open API
,MyRS,Q7397,'609',2022-01-27 16:24:02.058187: imported from zbMath Open API
,NAG,Q7397,'610',2022-01-27 16:24:02.058187: imported from zbMath Open API
,nauty,Q7397,'611',2022-01-27 16:24:02.058187: imported from zbMath Open API
,NCTUns,Q7397,'612',2022-01-27 16:24:02.058187: imported from zbMath Open API
,NDT-tool,Q7397,'613',2022-01-27 16:24:02.058187: imported from zbMath Open API
,NEDEL,Q7397,'614',2022-01-27 16:24:02.058187: imported from zbMath Open API
,NEPDEL,Q7397,'615',2022-01-27 16:24:02.058187: imported from zbMath Open API
,NetworkX,Q7397,'616',2022-01-27 16:24:02.058187: imported from zbMath Open API
,NEURObjects,Q7397,'617',2022-01-27 16:24:02.058187: imported from zbMath Open API
,NEWUOA,Q7397,'618',2022-01-27 16:24:02.058187: imported from zbMath Open API
,NeXCLass,Q7397,'619',2022-01-27 16:24:02.058187: imported from zbMath Open API
,Nimrod/O,Q7397,'620',2022-01-27 16:24:02.058187: imported from zbMath Open API
,NIST DLMF,Q7397,'621',2022-01-27 16:24:02.058187: imported from zbMath Open API
,Nitpick,Q7397,'622',2022-01-27 16:24:02.058187: imported from zbMath Open API
,NITSOL,Q7397,'623',2022-01-27 16:24:02.058187: imported from zbMath Open API
,NL,Q7397,'624',2022-01-27 16:24:02.058187: imported from zbMath Open API
,NLSOFT,Q7397,'625',2022-01-27 16:24:02.058187: imported from zbMath Open API
,NLTK,Q7397,'626',2022-01-27 16:24:02.058187: imported from zbMath Open API
,NODE,Q7397,'627',2022-01-27 16:24:02.058187: imported from zbMath Open API
,NODEI,Q7397,'628',2022-01-27 16:24:02.058187: imported from zbMath Open API
,NODES,Q7397,'629',2022-01-27 16:24:02.058187: imported from zbMath Open API
,Normaliz,Q7397,'630',2022-01-27 16:24:02.058187: imported from zbMath Open API
,NP,Q7397,'631',2022-01-27 16:24:02.058187: imported from zbMath Open API
,NPDA,Q7397,'632',2022-01-27 16:24:02.058187: imported from zbMath Open API
,NPspinor,Q7397,'633',2022-01-27 16:24:02.058187: imported from zbMath Open API
,NPTOOLS,Q7397,'634',2022-01-27 16:24:02.058187: imported from zbMath Open API
,NSFLEX90,Q7397,'635',2022-01-27 16:24:02.058187: imported from zbMath Open API
,NSPCG,Q7397,'636',2022-01-27 16:24:02.058187: imported from zbMath Open API
,NTGsim,Q7397,'637',2022-01-27 16:24:02.058187: imported from zbMath Open API
,NTL,Q7397,'638',2022-01-27 16:24:02.058187: imported from zbMath Open API
,NUMATH,Q7397,'639',2022-01-27 16:24:02.058187: imported from zbMath Open API
,numericalsgps,Q7397,'640',2022-01-27 16:24:02.058187: imported from zbMath Open API
,NUMPAS,Q7397,'641',2022-01-27 16:24:02.058187: imported from zbMath Open API
,NumXL,Q7397,'642',2022-01-27 16:24:02.058187: imported from zbMath Open API
,NuSMV 2,Q7397,'643',2022-01-27 16:24:02.058187: imported from zbMath Open API
,OASIS,Q7397,'644',2022-01-27 16:24:02.058187: imported from zbMath Open API
,ObjectCheck,Q7397,'645',2022-01-27 16:24:02.058187: imported from zbMath Open API
,Octave,Q7397,'646',2022-01-27 16:24:02.058187: imported from zbMath Open API
,ODESSA,Q7397,'647',2022-01-27 16:24:02.058187: imported from zbMath Open API
,ODPEVP,Q7397,'648',2022-01-27 16:24:02.058187: imported from zbMath Open API
,ODRPACK,Q7397,'649',2022-01-27 16:24:02.058187: imported from zbMath Open API
,Ontograte,Q7397,'651',2022-01-27 16:24:02.058187: imported from zbMath Open API
,ooMILP,Q7397,'652',2022-01-27 16:24:02.058187: imported from zbMath Open API
,OpenFst,Q7397,'653',2022-01-27 16:24:02.058187: imported from zbMath Open API
,OPTAC,Q7397,'654',2022-01-27 16:24:02.058187: imported from zbMath Open API
,OptAn,Q7397,'655',2022-01-27 16:24:02.058187: imported from zbMath Open API
,OptSAT,Q7397,'656',2022-01-27 16:24:02.058187: imported from zbMath Open API
,ORTHOFRAME,Q7397,'657',2022-01-27 16:24:02.058187: imported from zbMath Open API
,OrthogonalPolynomials,Q7397,'658',2022-01-27 16:24:02.058187: imported from zbMath Open API
,ORTHPOL,Q7397,'659',2022-01-27 16:24:02.058187: imported from zbMath Open API
,ORTOCARTAN,Q7397,'660',2022-01-27 16:24:02.058187: imported from zbMath Open API
,OSIPE,Q7397,'661',2022-01-27 16:24:02.058187: imported from zbMath Open API
,OSTA,Q7397,'662',2022-01-27 16:24:02.058187: imported from zbMath Open API
,Ott,Q7397,'663',2022-01-27 16:24:02.058187: imported from zbMath Open API
,OxMetrics,Q7397,'664',2022-01-27 16:24:02.058187: imported from zbMath Open API
,P2MESH,Q7397,'665',2022-01-27 16:24:02.058187: imported from zbMath Open API
,Packlib2,Q7397,'666',2022-01-27 16:24:02.058187: imported from zbMath Open API
,PADRE2,Q7397,'667',2022-01-27 16:24:02.058187: imported from zbMath Open API
,Padua2DM,Q7397,'668',2022-01-27 16:24:02.058187: imported from zbMath Open API
,PAG,Q7397,'669',2022-01-27 16:24:02.058187: imported from zbMath Open API
,PAGP,Q7397,'670',2022-01-27 16:24:02.058187: imported from zbMath Open API
,Paje,Q7397,'671',2022-01-27 16:24:02.058187: imported from zbMath Open API
,PALP,Q7397,'672',2022-01-27 16:24:02.058187: imported from zbMath Open API
,PANACEA,Q7397,'673',2022-01-27 16:24:02.058187: imported from zbMath Open API
,PARADEIS,Q7397,'674',2022-01-27 16:24:02.058187: imported from zbMath Open API
,ParadisEO-MOEO,Q7397,'675',2022-01-27 16:24:02.058187: imported from zbMath Open API
,ParallAX,Q7397,'676',2022-01-27 16:24:02.058187: imported from zbMath Open API
,PARAMESH,Q7397,'677',2022-01-27 16:24:02.058187: imported from zbMath Open API
,Paramils,Q7397,'678',2022-01-27 16:24:02.058187: imported from zbMath Open API
,PARDISO,Q7397,'679',2022-01-27 16:24:02.058187: imported from zbMath Open API
,PARI/GP,Q7397,'680',2022-01-27 16:24:02.058187: imported from zbMath Open API
,PariTOP,Q7397,'681',2022-01-27 16:24:02.058187: imported from zbMath Open API
,ParLeda,Q7397,'682',2022-01-27 16:24:02.058187: imported from zbMath Open API
,pARMS,Q7397,'683',2022-01-27 16:24:02.058187: imported from zbMath Open API
,Parsol,Q7397,'684',2022-01-27 16:24:02.058187: imported from zbMath Open API
,PaStiX,Q7397,'685',2022-01-27 16:24:02.058187: imported from zbMath Open API
,PASVA 4,Q7397,'686',2022-01-27 16:24:02.058187: imported from zbMath Open API
,pCAMAL,Q7397,'687',2022-01-27 16:24:02.058187: imported from zbMath Open API
,PCOMP,Q7397,'688',2022-01-27 16:24:02.058187: imported from zbMath Open API
,Pcp2Nurb,Q7397,'689',2022-01-27 16:24:02.058187: imported from zbMath Open API
,PDECOL,Q7397,'690',2022-01-27 16:24:02.058187: imported from zbMath Open API
,PDEFIT,Q7397,'691',2022-01-27 16:24:02.058187: imported from zbMath Open API
,PDE.Mart,Q7397,'692',2022-01-27 16:24:02.058187: imported from zbMath Open API
,PDEPtest,Q7397,'693',2022-01-27 16:24:02.058187: imported from zbMath Open API
,PDETool,Q7397,'694',2022-01-27 16:24:02.058187: imported from zbMath Open API
,PDEX1M,Q7397,'695',2022-01-27 16:24:02.058187: imported from zbMath Open API
,PDFIND,Q7397,'696',2022-01-27 16:24:02.058187: imported from zbMath Open API
,PEGASE,Q7397,'697',2022-01-27 16:24:02.058187: imported from zbMath Open API
,PELLPACK,Q7397,'698',2022-01-27 16:24:02.058187: imported from zbMath Open API
,PENT,Q7397,'699',2022-01-27 16:24:02.058187: imported from zbMath Open API
,PEPSY-QNS,Q7397,'700',2022-01-27 16:24:02.058187: imported from zbMath Open API
,PERM,Q7397,'701',2022-01-27 16:24:02.058187: imported from zbMath Open API
,PERSYS,Q7397,'702',2022-01-27 16:24:02.058187: imported from zbMath Open API
,PERUSE,Q7397,'703',2022-01-27 16:24:02.058187: imported from zbMath Open API
,PGB,Q7397,'704',2022-01-27 16:24:02.058187: imported from zbMath Open API
,PHCpack,Q7397,'705',2022-01-27 16:24:02.058187: imported from zbMath Open API
,PICA,Q7397,'706',2022-01-27 16:24:02.058187: imported from zbMath Open API
,SETHEO,Q7397,'707',2022-01-27 16:24:02.058187: imported from zbMath Open API
,PINEAPL,Q7397,'708',2022-01-27 16:24:02.058187: imported from zbMath Open API
,PIRE,Q7397,'709',2022-01-27 16:24:02.058187: imported from zbMath Open API
,PIT,Q7397,'710',2022-01-27 16:24:02.058187: imported from zbMath Open API
,PlaNet,Q7397,'711',2022-01-27 16:24:02.058187: imported from zbMath Open API
,PLASMAKIN,Q7397,'712',2022-01-27 16:24:02.058187: imported from zbMath Open API
,Plemwanal,Q7397,'713',2022-01-27 16:24:02.058187: imported from zbMath Open API
,PLIF,Q7397,'714',2022-01-27 16:24:02.058187: imported from zbMath Open API
,PLOD,Q7397,'715',2022-01-27 16:24:02.058187: imported from zbMath Open API
,PLS,Q7397,'716',2022-01-27 16:24:02.058187: imported from zbMath Open API
,PLTMG,Q7397,'717',2022-01-27 16:24:02.058187: imported from zbMath Open API
,PLUMP,Q7397,'718',2022-01-27 16:24:02.058187: imported from zbMath Open API
,Plural,Q7397,'719',2022-01-27 16:24:02.058187: imported from zbMath Open API
,PMESC,Q7397,'720',2022-01-27 16:24:02.058187: imported from zbMath Open API
,POKMAT,Q7397,'721',2022-01-27 16:24:02.058187: imported from zbMath Open API
,POLE,Q7397,'722',2022-01-27 16:24:02.058187: imported from zbMath Open API
,PolyBoRi,Q7397,'723',2022-01-27 16:24:02.058187: imported from zbMath Open API
,polymake,Q7397,'724',2022-01-27 16:24:02.058187: imported from zbMath Open API
,POMULT,Q7397,'725',2022-01-27 16:24:02.058187: imported from zbMath Open API
,POREM,Q7397,'726',2022-01-27 16:24:02.058187: imported from zbMath Open API
,POWEV,Q7397,'727',2022-01-27 16:24:02.058187: imported from zbMath Open API
,PPM,Q7397,'728',2022-01-27 16:24:02.058187: imported from zbMath Open API
,PREDAL,Q7397,'729',2022-01-27 16:24:02.058187: imported from zbMath Open API
,PreSSAPro,Q7397,'730',2022-01-27 16:24:02.058187: imported from zbMath Open API
,primdec.lib,Q7397,'731',2022-01-27 16:24:02.058187: imported from zbMath Open API
,PROCRUSTES,Q7397,'732',2022-01-27 16:24:02.058187: imported from zbMath Open API
,PROFIL/BIAS,Q7397,'733',2022-01-27 16:24:02.058187: imported from zbMath Open API
,Projective Noether,Q7397,'734',2022-01-27 16:24:02.058187: imported from zbMath Open API
,Proviola,Q7397,'737',2022-01-27 16:24:02.058187: imported from zbMath Open API
,Pseudocode,Q7397,'738',2022-01-27 16:24:02.058187: imported from zbMath Open API
,PSPASES,Q7397,'739',2022-01-27 16:24:02.058187: imported from zbMath Open API
,PSPLIB,Q7397,'740',2022-01-27 16:24:02.058187: imported from zbMath Open API
,PSwarm,Q7397,'742',2022-01-27 16:24:02.058187: imported from zbMath Open API
,Pueblo,Q7397,'743',2022-01-27 16:24:02.058187: imported from zbMath Open API
,PyACTS,Q7397,'744',2022-01-27 16:24:02.058187: imported from zbMath Open API
,PyGlobus,Q7397,'745',2022-01-27 16:24:02.058187: imported from zbMath Open API
,PyPop,Q7397,'746',2022-01-27 16:24:02.058187: imported from zbMath Open API
,PYTHIA,Q7397,'747',2022-01-27 16:24:02.058187: imported from zbMath Open API
,PYTHIA-II,Q7397,'748',2022-01-27 16:24:02.058187: imported from zbMath Open API
,PYTHON,Q7397,'749',2022-01-27 16:24:02.058187: imported from zbMath Open API
,QADE,Q7397,'750',2022-01-27 16:24:02.058187: imported from zbMath Open API
,QAPLIB,Q7397,'751',2022-01-27 16:24:02.058187: imported from zbMath Open API
,QEPCAD,Q7397,'752',2022-01-27 16:24:02.058187: imported from zbMath Open API
,QEPCAD B,Q7397,'753',2022-01-27 16:24:02.058187: imported from zbMath Open API
,QMRPACK,Q7397,'754',2022-01-27 16:24:02.058187: imported from zbMath Open API
,qMultiSum,Q7397,'755',2022-01-27 16:24:02.058187: imported from zbMath Open API
,QOCA,Q7397,'756',2022-01-27 16:24:02.058187: imported from zbMath Open API
,QPCOMP,Q7397,'757',2022-01-27 16:24:02.058187: imported from zbMath Open API
,Qprop,Q7397,'758',2022-01-27 16:24:02.058187: imported from zbMath Open API
,QRDChecker,Q7397,'759',2022-01-27 16:24:02.058187: imported from zbMath Open API
,QSHEP2D,Q7397,'761',2022-01-27 16:24:02.058187: imported from zbMath Open API
,QSHEP3D,Q7397,'762',2022-01-27 16:24:02.058187: imported from zbMath Open API
,QUAFF,Q7397,'764',2022-01-27 16:24:02.058187: imported from zbMath Open API
,QUALITY,Q7397,'765',2022-01-27 16:24:02.058187: imported from zbMath Open API
,QuBE++,Q7397,'766',2022-01-27 16:24:02.058187: imported from zbMath Open API
,Qucs,Q7397,'768',2022-01-27 16:24:02.058187: imported from zbMath Open API
,QWalk,Q7397,'769',2022-01-27 16:24:02.058187: imported from zbMath Open API
,qZeil,Q7397,'770',2022-01-27 16:24:02.058187: imported from zbMath Open API
,R,Q7397,'771',2022-01-27 16:24:02.058187: imported from zbMath Open API
,r2d2lri,Q7397,'772',2022-01-27 16:24:02.058187: imported from zbMath Open API
,RAEEM,Q7397,'773',2022-01-27 16:24:02.058187: imported from zbMath Open API
,RAGlib,Q7397,'774',2022-01-27 16:24:02.058187: imported from zbMath Open API
,RANEXP,Q7397,'775',2022-01-27 16:24:02.058187: imported from zbMath Open API
,RANKSEL,Q7397,'776',2022-01-27 16:24:02.058187: imported from zbMath Open API
,ranlip,Q7397,'777',2022-01-27 16:24:02.058187: imported from zbMath Open API
,RANLUX,Q7397,'778',2022-01-27 16:24:02.058187: imported from zbMath Open API
,RATH,Q7397,'779',2022-01-27 16:24:02.058187: imported from zbMath Open API
,RATS,Q7397,'780',2022-01-27 16:24:02.058187: imported from zbMath Open API
,Razryad,Q7397,'781',2022-01-27 16:24:02.058187: imported from zbMath Open API
,RBAC-PAT,Q7397,'782',2022-01-27 16:24:02.058187: imported from zbMath Open API
,rbminer,Q7397,'783',2022-01-27 16:24:02.058187: imported from zbMath Open API
,rbMIT,Q7397,'784',2022-01-27 16:24:02.058187: imported from zbMath Open API
,RComp,Q7397,'785',2022-01-27 16:24:02.058187: imported from zbMath Open API
,RCWA,Q7397,'786',2022-01-27 16:24:02.058187: imported from zbMath Open API
,RDFG,Q7397,'787',2022-01-27 16:24:02.058187: imported from zbMath Open API
,REACH,Q7397,'788',2022-01-27 16:24:02.058187: imported from zbMath Open API
,REDUCE,Q7397,'789',2022-01-27 16:24:02.058187: imported from zbMath Open API
,Refiner,Q7397,'790',2022-01-27 16:24:02.058187: imported from zbMath Open API
,REGAL,Q7397,'791',2022-01-27 16:24:02.058187: imported from zbMath Open API
,Regexpcount,Q7397,'792',2022-01-27 16:24:02.058187: imported from zbMath Open API
,REGPAG,Q7397,'793',2022-01-27 16:24:02.058187: imported from zbMath Open API
,RegStab,Q7397,'794',2022-01-27 16:24:02.058187: imported from zbMath Open API
,REGTET,Q7397,'795',2022-01-27 16:24:02.058187: imported from zbMath Open API
,RegularChains,Q7397,'796',2022-01-27 16:24:02.058187: imported from zbMath Open API
,Regularization tools,Q7397,'797',2022-01-27 16:24:02.058187: imported from zbMath Open API
,RelView,Q7397,'798',2022-01-27 16:24:02.058187: imported from zbMath Open API
,REOS99,Q7397,'799',2022-01-27 16:24:02.058187: imported from zbMath Open API
,REPSN,Q7397,'800',2022-01-27 16:24:02.058187: imported from zbMath Open API
,Reveal,Q7397,'801',2022-01-27 16:24:02.058187: imported from zbMath Open API
,revolve,Q7397,'802',2022-01-27 16:24:02.058187: imported from zbMath Open API
,RFSFNS,Q7397,'803',2022-01-27 16:24:02.058187: imported from zbMath Open API
,RICCIR,Q7397,'804',2022-01-27 16:24:02.058187: imported from zbMath Open API
,Riegeom,Q7397,'805',2022-01-27 16:24:02.058187: imported from zbMath Open API
,Risa/Asir,Q7397,'806',2022-01-27 16:24:02.058187: imported from zbMath Open API
,RISKO,Q7397,'807',2022-01-27 16:24:02.058187: imported from zbMath Open API
,RKC,Q7397,'808',2022-01-27 16:24:02.058187: imported from zbMath Open API
,rksuite_90,Q7397,'809',2022-01-27 16:24:02.058187: imported from zbMath Open API
,RladyBug,Q7397,'810',2022-01-27 16:24:02.058187: imported from zbMath Open API
,ROBETH,Q7397,'811',2022-01-27 16:24:02.058187: imported from zbMath Open API
,Romeo,Q7397,'812',2022-01-27 16:24:02.058187: imported from zbMath Open API
,ROS3P,Q7397,'813',2022-01-27 16:24:02.058187: imported from zbMath Open API
,RRtools,Q7397,'814',2022-01-27 16:24:02.058187: imported from zbMath Open API
,RSL,Q7397,'815',2022-01-27 16:24:02.058187: imported from zbMath Open API
,RTST++,Q7397,'817',2022-01-27 16:24:02.058187: imported from zbMath Open API
,RunDec,Q7397,'818',2022-01-27 16:24:02.058187: imported from zbMath Open API
,RVGEN,Q7397,'819',2022-01-27 16:24:02.058187: imported from zbMath Open API
,RWPKV,Q7397,'820',2022-01-27 16:24:02.058187: imported from zbMath Open API
,RWPM,Q7397,'821',2022-01-27 16:24:02.058187: imported from zbMath Open API
,S4CAD,Q7397,'822',2022-01-27 16:24:02.058187: imported from zbMath Open API
,SACLIB,Q7397,'823',2022-01-27 16:24:02.058187: imported from zbMath Open API
,SaddleDrop,Q7397,'824',2022-01-27 16:24:02.058187: imported from zbMath Open API
,SageMath,Q7397,'825',2022-01-27 16:24:02.058187: imported from zbMath Open API
,SARAG,Q7397,'826',2022-01-27 16:24:02.058187: imported from zbMath Open API
,Sawja,Q7397,'827',2022-01-27 16:24:02.058187: imported from zbMath Open API
,SBSAT,Q7397,'828',2022-01-27 16:24:02.058187: imported from zbMath Open API
,SCADE,Q7397,'829',2022-01-27 16:24:02.058187: imported from zbMath Open API
,ScaLAPACK,Q7397,'830',2022-01-27 16:24:02.058187: imported from zbMath Open API
,SCELib,Q7397,'831',2022-01-27 16:24:02.058187: imported from zbMath Open API
,Schwarz-Christoffel,Q7397,'833',2022-01-27 16:24:02.058187: imported from zbMath Open API
,Scilab,Q7397,'834',2022-01-27 16:24:02.058187: imported from zbMath Open API
,Scilab Image Processing Toolbox,Q7397,'835',2022-01-27 16:24:02.058187: imported from zbMath Open API
,SCOM,Q7397,'836',2022-01-27 16:24:02.058187: imported from zbMath Open API
,SDELab,Q7397,'837',2022-01-27 16:24:02.058187: imported from zbMath Open API
,SDPLIB,Q7397,'838',2022-01-27 16:24:02.058187: imported from zbMath Open API
,SDpro,Q7397,'839',2022-01-27 16:24:02.058187: imported from zbMath Open API
,Sdpsol,Q7397,'840',2022-01-27 16:24:02.058187: imported from zbMath Open API
,SDSAT,Q7397,'842',2022-01-27 16:24:02.058187: imported from zbMath Open API
,SeisSol,Q7397,'843',2022-01-27 16:24:02.058187: imported from zbMath Open API
,Selforganize!,Q7397,'844',2022-01-27 16:24:02.058187: imported from zbMath Open API
,SEMINT,Q7397,'845',2022-01-27 16:24:02.058187: imported from zbMath Open API
,SENAC,Q7397,'846',2022-01-27 16:24:02.058187: imported from zbMath Open API
,SENS,Q7397,'847',2022-01-27 16:24:02.058187: imported from zbMath Open API
,SEPRAN,Q7397,'848',2022-01-27 16:24:02.058187: imported from zbMath Open API
,SEQ.OPEN,Q7397,'849',2022-01-27 16:24:02.058187: imported from zbMath Open API
,SEXI,Q7397,'850',2022-01-27 16:24:02.058187: imported from zbMath Open API
,SFA,Q7397,'851',2022-01-27 16:24:02.058187: imported from zbMath Open API
,SFCGen,Q7397,'852',2022-01-27 16:24:02.058187: imported from zbMath Open API
,sgpviz,Q7397,'853',2022-01-27 16:24:02.058187: imported from zbMath Open API
,Sheafhom 2.0,Q7397,'854',2022-01-27 16:24:02.058187: imported from zbMath Open API
,SHEEP,Q7397,'855',2022-01-27 16:24:02.058187: imported from zbMath Open API
,SICEDR,Q7397,'856',2022-01-27 16:24:02.058187: imported from zbMath Open API
,SIGMA_,Q7397,'858',2022-01-27 16:24:02.058187: imported from zbMath Open API
,SIGREF,Q7397,'859',2022-01-27 16:24:02.058187: imported from zbMath Open API
,SIM2000,Q7397,'860',2022-01-27 16:24:02.058187: imported from zbMath Open API
,SIMATH,Q7397,'861',2022-01-27 16:24:02.058187: imported from zbMath Open API
,SIMLA,Q7397,'862',2022-01-27 16:24:02.058187: imported from zbMath Open API
,simpA,Q7397,'863',2022-01-27 16:24:02.058187: imported from zbMath Open API
,Simured,Q7397,'864',2022-01-27 16:24:02.058187: imported from zbMath Open API
,SingSurf,Q7397,'865',2022-01-27 16:24:02.058187: imported from zbMath Open API
,SINGULAR,Q7397,'866',2022-01-27 16:24:02.058187: imported from zbMath Open API
,SINTEZ,Q7397,'867',2022-01-27 16:24:02.058187: imported from zbMath Open API
,SIPAMPL,Q7397,'868',2022-01-27 16:24:02.058187: imported from zbMath Open API
,SiPaViS,Q7397,'869',2022-01-27 16:24:02.058187: imported from zbMath Open API
,SIR,Q7397,'870',2022-01-27 16:24:02.058187: imported from zbMath Open API
,Skrybot,Q7397,'871',2022-01-27 16:24:02.058187: imported from zbMath Open API
,Slavnov-Taylor,Q7397,'872',2022-01-27 16:24:02.058187: imported from zbMath Open API
,SLCPM12,Q7397,'873',2022-01-27 16:24:02.058187: imported from zbMath Open API
,SLDRIVER,Q7397,'874',2022-01-27 16:24:02.058187: imported from zbMath Open API
,SLEPc,Q7397,'875',2022-01-27 16:24:02.058187: imported from zbMath Open API
,SLEUTH,Q7397,'876',2022-01-27 16:24:02.058187: imported from zbMath Open API
,SlideCont,Q7397,'877',2022-01-27 16:24:02.058187: imported from zbMath Open API
,slimgb,Q7397,'878',2022-01-27 16:24:02.058187: imported from zbMath Open API
,SLMQN,Q7397,'879',2022-01-27 16:24:02.058187: imported from zbMath Open API
,SLTSTPAK,Q7397,'880',2022-01-27 16:24:02.058187: imported from zbMath Open API
,SMBOpt,Q7397,'881',2022-01-27 16:24:02.058187: imported from zbMath Open API
,SMMP,Q7397,'882',2022-01-27 16:24:02.058187: imported from zbMath Open API
,SNAP,Q7397,'883',2022-01-27 16:24:02.058187: imported from zbMath Open API
,SNDlib,Q7397,'884',2022-01-27 16:24:02.058187: imported from zbMath Open API
,SODAS,Q7397,'885',2022-01-27 16:24:02.058187: imported from zbMath Open API
,SOFA,Q7397,'886',2022-01-27 16:24:02.058187: imported from zbMath Open API
,SOFT-CBR,Q7397,'887',2022-01-27 16:24:02.058187: imported from zbMath Open API
,SOLAR,Q7397,'888',2022-01-27 16:24:02.058187: imported from zbMath Open API
,Solvarics,Q7397,'889',2022-01-27 16:24:02.058187: imported from zbMath Open API
,SOLVEBLOK,Q7397,'890',2022-01-27 16:24:02.058187: imported from zbMath Open API
,Sostools,Q7397,'891',2022-01-27 16:24:02.058187: imported from zbMath Open API
,SP,Q7397,'892',2022-01-27 16:24:02.058187: imported from zbMath Open API
,SpaMod,Q7397,'893',2022-01-27 16:24:02.058187: imported from zbMath Open API
,SPARSEM,Q7397,'894',2022-01-27 16:24:02.058187: imported from zbMath Open API
,SPECFUN,Q7397,'895',2022-01-27 16:24:02.058187: imported from zbMath Open API
,SPeeDI,Q7397,'896',2022-01-27 16:24:02.058187: imported from zbMath Open API
,SPG,Q7397,'897',2022-01-27 16:24:02.058187: imported from zbMath Open API
,SPHINX,Q7397,'898',2022-01-27 16:24:02.058187: imported from zbMath Open API
,SPICElib,Q7397,'899',2022-01-27 16:24:02.058187: imported from zbMath Open API
,SPiDER,Q7397,'900',2022-01-27 16:24:02.058187: imported from zbMath Open API
,SPINSGA,Q7397,'901',2022-01-27 16:24:02.058187: imported from zbMath Open API
,Spinterp,Q7397,'902',2022-01-27 16:24:02.058187: imported from zbMath Open API
,SPIRAL,Q7397,'903',2022-01-27 16:24:02.058187: imported from zbMath Open API
,SPRINT2D,Q7397,'904',2022-01-27 16:24:02.058187: imported from zbMath Open API
,SPRNG,Q7397,'905',2022-01-27 16:24:02.058187: imported from zbMath Open API
,SPVT,Q7397,'906',2022-01-27 16:24:02.058187: imported from zbMath Open API
,SQG,Q7397,'907',2022-01-27 16:24:02.058187: imported from zbMath Open API
,SRFPACK,Q7397,'908',2022-01-27 16:24:02.058187: imported from zbMath Open API
,SSRFPACK,Q7397,'909',2022-01-27 16:24:02.058187: imported from zbMath Open API
,STAPL,Q7397,'910',2022-01-27 16:24:02.058187: imported from zbMath Open API
,STATCAT,Q7397,'911',2022-01-27 16:24:02.058187: imported from zbMath Open API
,STATGRAPHICS,Q7397,'912',2022-01-27 16:24:02.058187: imported from zbMath Open API
,STATISTICA,Q7397,'913',2022-01-27 16:24:02.058187: imported from zbMath Open API
,Statool,Q7397,'914',2022-01-27 16:24:02.058187: imported from zbMath Open API
,STEADY,Q7397,'915',2022-01-27 16:24:02.058187: imported from zbMath Open API
,Steenrod,Q7397,'916',2022-01-27 16:24:02.058187: imported from zbMath Open API
,STENMIN,Q7397,'917',2022-01-27 16:24:02.058187: imported from zbMath Open API
,STRAMS,Q7397,'918',2022-01-27 16:24:02.058187: imported from zbMath Open API
,STRFLO,Q7397,'919',2022-01-27 16:24:02.058187: imported from zbMath Open API
,STRINGVACUA,Q7397,'920',2022-01-27 16:24:02.058187: imported from zbMath Open API
,STRIPACK,Q7397,'921',2022-01-27 16:24:02.058187: imported from zbMath Open API
,STRSCNE,Q7397,'922',2022-01-27 16:24:02.058187: imported from zbMath Open API
,SUBSEXPL,Q7397,'923',2022-01-27 16:24:02.058187: imported from zbMath Open API
,SumCracker,Q7397,'924',2022-01-27 16:24:02.058187: imported from zbMath Open API
,SUMDES2D,Q7397,'925',2022-01-27 16:24:02.058187: imported from zbMath Open API
,Sums over integral points of a polygon,Q7397,'926',2022-01-27 16:24:02.058187: imported from zbMath Open API
,SUNDIALS,Q7397,'927',2022-01-27 16:24:02.058187: imported from zbMath Open API
,SUPERCALC,Q7397,'928',2022-01-27 16:24:02.058187: imported from zbMath Open API
,Superiso,Q7397,'929',2022-01-27 16:24:02.058187: imported from zbMath Open API
,SuperLU,Q7397,'930',2022-01-27 16:24:02.058187: imported from zbMath Open API
,Surfer,Q7397,'931',2022-01-27 16:24:02.058187: imported from zbMath Open API
,Surveillance,Q7397,'932',2022-01-27 16:24:02.058187: imported from zbMath Open API
,SuSpect,Q7397,'933',2022-01-27 16:24:02.058187: imported from zbMath Open API
,SUSY,Q7397,'934',2022-01-27 16:24:02.058187: imported from zbMath Open API
,SusyMath,Q7397,'935',2022-01-27 16:24:02.058187: imported from zbMath Open API
,SymbMath,Q7397,'936',2022-01-27 16:24:02.058187: imported from zbMath Open API
,SYMCD,Q7397,'937',2022-01-27 16:24:02.058187: imported from zbMath Open API
,SymChaff,Q7397,'938',2022-01-27 16:24:02.058187: imported from zbMath Open API
,SYMMETRICA,Q7397,'939',2022-01-27 16:24:02.058187: imported from zbMath Open API
,SymPy,Q7397,'940',2022-01-27 16:24:02.058187: imported from zbMath Open API
,SYNAPS,Q7397,'941',2022-01-27 16:24:02.058187: imported from zbMath Open API
,SYNRAC,Q7397,'942',2022-01-27 16:24:02.058187: imported from zbMath Open API
,Syntfil,Q7397,'943',2022-01-27 16:24:02.058187: imported from zbMath Open API
,SYNTHESIS,Q7397,'944',2022-01-27 16:24:02.058187: imported from zbMath Open API
,SyRePa '86,Q7397,'945',2022-01-27 16:24:02.058187: imported from zbMath Open API
,TALP,Q7397,'946',2022-01-27 16:24:02.058187: imported from zbMath Open API
,TAPAAL,Q7397,'947',2022-01-27 16:24:02.058187: imported from zbMath Open API
,TARCER,Q7397,'948',2022-01-27 16:24:02.058187: imported from zbMath Open API
,tascpl,Q7397,'949',2022-01-27 16:24:02.058187: imported from zbMath Open API
,TaylUR,Q7397,'950',2022-01-27 16:24:02.058187: imported from zbMath Open API
,T-BAPS,Q7397,'951',2022-01-27 16:24:02.058187: imported from zbMath Open API
,TC2,Q7397,'952',2022-01-27 16:24:02.058187: imported from zbMath Open API
,TeLoDe,Q7397,'953',2022-01-27 16:24:02.058187: imported from zbMath Open API
,TELOS,Q7397,'954',2022-01-27 16:24:02.058187: imported from zbMath Open API
,TENPACK,Q7397,'955',2022-01-27 16:24:02.058187: imported from zbMath Open API
,TENSOLVE,Q7397,'956',2022-01-27 16:24:02.058187: imported from zbMath Open API
,TESTAS,Q7397,'957',2022-01-27 16:24:02.058187: imported from zbMath Open API
,TESTIMATE,Q7397,'958',2022-01-27 16:24:02.058187: imported from zbMath Open API
,GNU Fortran,Q7397,'959',2022-01-27 16:24:02.058187: imported from zbMath Open API
,Lambda Library C++,Q7397,'960',2022-01-27 16:24:02.058187: imported from zbMath Open API
,Theorema,Q7397,'961',2022-01-27 16:24:02.058187: imported from zbMath Open API
,TTL,Q7397,'962',2022-01-27 16:24:02.058187: imported from zbMath Open API
,Tiamat,Q7397,'963',2022-01-27 16:24:02.058187: imported from zbMath Open API
,TIERRAS,Q7397,'964',2022-01-27 16:24:02.058187: imported from zbMath Open API
,TimeNET,Q7397,'965',2022-01-27 16:24:02.058187: imported from zbMath Open API
,TimeNetManager,Q7397,'966',2022-01-27 16:24:02.058187: imported from zbMath Open API
,TISEAN,Q7397,'967',2022-01-27 16:24:02.058187: imported from zbMath Open API
,TkWinHOL,Q7397,'968',2022-01-27 16:24:02.058187: imported from zbMath Open API
,tmLQCD,Q7397,'969',2022-01-27 16:24:02.058187: imported from zbMath Open API
,TNPACK,Q7397,'970',2022-01-27 16:24:02.058187: imported from zbMath Open API
,TOMP,Q7397,'971',2022-01-27 16:24:02.058187: imported from zbMath Open API
,TopSpin,Q7397,'972',2022-01-27 16:24:02.058187: imported from zbMath Open API
,TPS,Q7397,'973',2022-01-27 16:24:02.058187: imported from zbMath Open API
,Traceband,Q7397,'974',2022-01-27 16:24:02.058187: imported from zbMath Open API
,Transcriber,Q7397,'975',2022-01-27 16:24:02.058187: imported from zbMath Open API
,TRANSYT,Q7397,'976',2022-01-27 16:24:02.058187: imported from zbMath Open API
,TRELLIS,Q7397,'977',2022-01-27 16:24:02.058187: imported from zbMath Open API
,TRIPACK,Q7397,'978',2022-01-27 16:24:02.058187: imported from zbMath Open API
,tripleint.cc,Q7397,'979',2022-01-27 16:24:02.058187: imported from zbMath Open API
,TSHEP2D,Q7397,'980',2022-01-27 16:24:02.058187: imported from zbMath Open API
,TSIL,Q7397,'981',2022-01-27 16:24:02.058187: imported from zbMath Open API
,TSPACK,Q7397,'982',2022-01-27 16:24:02.058187: imported from zbMath Open API
,TSPLIB,Q7397,'983',2022-01-27 16:24:02.058187: imported from zbMath Open API
,TSP-SOLVER,Q7397,'984',2022-01-27 16:24:02.058187: imported from zbMath Open API
,tts,Q7397,'985',2022-01-27 16:24:02.058187: imported from zbMath Open API
,TulaFale,Q7397,'986',2022-01-27 16:24:02.058187: imported from zbMath Open API
,Tweezercalib,Q7397,'987',2022-01-27 16:24:02.058187: imported from zbMath Open API
,UIMP,Q7397,'988',2022-01-27 16:24:02.058187: imported from zbMath Open API
,UMFPACK,Q7397,'989',2022-01-27 16:24:02.058187: imported from zbMath Open API
,UNCSAM,Q7397,'990',2022-01-27 16:24:02.058187: imported from zbMath Open API
,UniCalc,Q7397,'991',2022-01-27 16:24:02.058187: imported from zbMath Open API
,UNIPAR,Q7397,'992',2022-01-27 16:24:02.058187: imported from zbMath Open API
,UnitWalk,Q7397,'993',2022-01-27 16:24:02.058187: imported from zbMath Open API
,Valigator,Q7397,'994',2022-01-27 16:24:02.058187: imported from zbMath Open API
,VFGEN,Q7397,'995',2022-01-27 16:24:02.058187: imported from zbMath Open API
,Viper,Q7397,'996',2022-01-27 16:24:02.058187: imported from zbMath Open API
,VisAll,Q7397,'997',2022-01-27 16:24:02.058187: imported from zbMath Open API
,VisBench,Q7397,'998',2022-01-27 16:24:02.058187: imported from zbMath Open API
,Visiplan,Q7397,'999',2022-01-27 16:24:02.058187: imported from zbMath Open API
,Vista,Q7397,'1000',2022-01-27 16:24:02.058187: imported from zbMath Open API
,VizWear,Q7397,'1001',2022-01-27 16:24:02.058187: imported from zbMath Open API
,VizzScheduler,Q7397,'1002',2022-01-27 16:24:02.058187: imported from zbMath Open API
,VLUGR2,Q7397,'1003',2022-01-27 16:24:02.058187: imported from zbMath Open API
,VLUGR3,Q7397,'1004',2022-01-27 16:24:02.058187: imported from zbMath Open API
,VODE,Q7397,'1005',2022-01-27 16:24:02.058187: imported from zbMath Open API
,VOLSCAT,Q7397,'1006',2022-01-27 16:24:02.058187: imported from zbMath Open API
,VPI,Q7397,'1007',2022-01-27 16:24:02.058187: imported from zbMath Open API
,VRPH,Q7397,'1008',2022-01-27 16:24:02.058187: imported from zbMath Open API
,VTOP,Q7397,'1009',2022-01-27 16:24:02.058187: imported from zbMath Open API
,Wannier90,Q7397,'1010',2022-01-27 16:24:02.058187: imported from zbMath Open API
,WAPR,Q7397,'1011',2022-01-27 16:24:02.058187: imported from zbMath Open API
,WavBox 4,Q7397,'1012',2022-01-27 16:24:02.058187: imported from zbMath Open API
,WBase,Q7397,'1013',2022-01-27 16:24:02.058187: imported from zbMath Open API
,WebAppLoader,Q7397,'1014',2022-01-27 16:24:02.058187: imported from zbMath Open API
,WebClipper,Q7397,'1015',2022-01-27 16:24:02.058187: imported from zbMath Open API
,WebDocBall,Q7397,'1016',2022-01-27 16:24:02.058187: imported from zbMath Open API
,WebMark,Q7397,'1017',2022-01-27 16:24:02.058187: imported from zbMath Open API
,Web-strabnet,Q7397,'1018',2022-01-27 16:24:02.058187: imported from zbMath Open API
,wedderga,Q7397,'1019',2022-01-27 16:24:02.058187: imported from zbMath Open API
,WILMAR,Q7397,'1020',2022-01-27 16:24:02.058187: imported from zbMath Open API
,Workcraft,Q7397,'1021',2022-01-27 16:24:02.058187: imported from zbMath Open API
,WSAT,Q7397,'1022',2022-01-27 16:24:02.058187: imported from zbMath Open API
,XaoS,Q7397,'1023',2022-01-27 16:24:02.058187: imported from zbMath Open API
,XERROR,Q7397,'1024',2022-01-27 16:24:02.058187: imported from zbMath Open API
,Xeukleides,Q7397,'1025',2022-01-27 16:24:02.058187: imported from zbMath Open API
,XFEM,Q7397,'1026',2022-01-27 16:24:02.058187: imported from zbMath Open API
,XLOGLIN,Q7397,'1027',2022-01-27 16:24:02.058187: imported from zbMath Open API
,X-prime,Q7397,'1028',2022-01-27 16:24:02.058187: imported from zbMath Open API
